ProjectKey,ProjectName,ProjectStart,ProjectEnd,RevenueGenerated
1,incubate seamless users,2023-06-29,2024-07-30,221656
2,maximize interactive convergence,2023-04-19,2024-02-14,306118
3,utilize cross-media niches,2023-09-04,2024-09-28,422145
4,enhance revolutionary architectures,2023-06-12,2024-10-25,136561
5,syndicate compelling metrics,2022-12-28,2024-09-16,444676
6,optimize plug-and-play initiatives,2023-07-03,2024-05-09,114753
7,enhance magnetic architectures,2023-06-29,2024-11-16,111719
8,engage out-of-the-box infrastructures,2023-11-22,2024-04-15,188672
9,embrace back-end metrics,2023-04-19,2024-01-06,307979
10,innovate innovative solutions,2023-03-21,2024-08-01,303771
